{"loss":0.03513140915427357,"val_BinaryAccuracy":1,"val_loss":0.00021420945995487273,"val_BinaryAUROC":1,"_wandb":{"runtime":22308},"_runtime":22308,"_step":19,"BinaryAUROC":0.9991171360015869,"_timestamp":1.7793565746455317e+09,"BinaryAccuracy":0.9873999953269958}